"commons-exec-1.3","/Users/Dor/Desktop/Coverage/commons-exec-1.3/src/test/java/org/apache/commons/exec/issues/Exec57Test.java",""
"commons-exec-1.3","/Users/Dor/Desktop/Coverage/commons-exec-1.3/src/test/java/org/apache/commons/exec/issues/Exec44Test.java",""
"commons-exec-1.3","/Users/Dor/Desktop/Coverage/commons-exec-1.3/src/test/java/org/apache/commons/exec/issues/Exec34Test.java",""
"commons-exec-1.3","/Users/Dor/Desktop/Coverage/commons-exec-1.3/src/test/java/org/apache/commons/exec/DefaultExecutorTest.java","/Users/Dor/Desktop/Coverage/commons-exec-1.3/src/main/java/org/apache/commons/exec/DefaultExecutor.java"
"commons-exec-1.3","/Users/Dor/Desktop/Coverage/commons-exec-1.3/src/test/java/org/apache/commons/exec/TutorialTest.java",""
"commons-exec-1.3","/Users/Dor/Desktop/Coverage/commons-exec-1.3/src/test/java/org/apache/commons/exec/issues/Exec36Test.java",""
"commons-exec-1.3","/Users/Dor/Desktop/Coverage/commons-exec-1.3/src/test/java/org/apache/commons/exec/environment/EnvironmentUtilsTest.java","/Users/Dor/Desktop/Coverage/commons-exec-1.3/src/main/java/org/apache/commons/exec/environment/EnvironmentUtils.java"
"commons-exec-1.3","/Users/Dor/Desktop/Coverage/commons-exec-1.3/src/test/java/org/apache/commons/exec/issues/Exec33Test.java",""
"commons-exec-1.3","/Users/Dor/Desktop/Coverage/commons-exec-1.3/src/test/java/org/apache/commons/exec/issues/Exec49Test.java",""
"commons-exec-1.3","/Users/Dor/Desktop/Coverage/commons-exec-1.3/src/test/java/org/apache/commons/exec/util/MapUtilTest.java",""
"commons-exec-1.3","/Users/Dor/Desktop/Coverage/commons-exec-1.3/src/test/java/org/apache/commons/exec/LogOutputStreamTest.java","/Users/Dor/Desktop/Coverage/commons-exec-1.3/src/main/java/org/apache/commons/exec/LogOutputStream.java"
"commons-exec-1.3","/Users/Dor/Desktop/Coverage/commons-exec-1.3/src/test/java/org/apache/commons/exec/issues/Exec60Test.java",""
"commons-exec-1.3","/Users/Dor/Desktop/Coverage/commons-exec-1.3/src/test/java/org/apache/commons/exec/util/StringUtilTest.java",""
"commons-exec-1.3","/Users/Dor/Desktop/Coverage/commons-exec-1.3/src/test/java/org/apache/commons/exec/CommandLineTest.java","/Users/Dor/Desktop/Coverage/commons-exec-1.3/src/main/java/org/apache/commons/exec/CommandLine.java"
"commons-exec-1.3","/Users/Dor/Desktop/Coverage/commons-exec-1.3/src/test/java/org/apache/commons/exec/StandAloneTest.java",""
"commons-exec-1.3","/Users/Dor/Desktop/Coverage/commons-exec-1.3/src/test/java/org/apache/commons/exec/issues/Exec41Test.java",""
